[
    {
        "id": "TotalService-01",
        "titulo": "Levantamiento de Inventarios",
        "imagen": "./img/TotalService/01.jpg",
        "categoria": {
            "nombre": "TotalService",
            "id": "TotalService"
        },
        "precio": 1000
    },
    {
        "id": "TotalService-02",
        "titulo": "OutSourcing",
        "imagen": "./img/TotalService/02.png",
        "categoria": {
            "nombre": "TotalService",
            "id": "TotalService"
        },
        "precio": 1000
    },
    {
        "id": "TotalService-03",
        "titulo": "Traslado y Control de Activos",
        "imagen": "./img/TotalService/03.jpg",
        "categoria": {
            "nombre": "TotalService",
            "id": "TotalService"
        },
        "precio": 1000
    },
    {
        "id": "TotalService-04",
        "titulo": "Instalacion y Desinstalacion de Equipo TI",
        "imagen": "./img/TotalService/04.jpg",
        "categoria": {
            "nombre": "TotalService",
            "id": "TotalService"
        },
        "precio": 1000
    },
    {
        "id": "TotalService-05",
        "titulo": "Mantenimiento y Suministro de Vending Machine",
        "imagen": "./img/TotalService/05.jpg",
        "categoria": {
            "nombre": "TotalService",
            "id": "TotalService"
        },
        "precio": 1000
    },
    {
        "id": "TotalService-06",
        "titulo": "Mantenimiento de Inventario y Bodegas de Almacenaje",
        "imagen": "./img/TotalService/06.jpg",
        "categoria": {
            "nombre": "TotalService",
            "id": "TotalService"
        },
        "precio": 1000
    },
    {
        "id": "OneTwoClean-01",
        "titulo": "Desmantelamiento de Edificios",
        "imagen": "./img/OneTwoClean/01.png",
        "categoria": {
            "nombre": "OneTwoClean",
            "id": "OneTwoClean"
        },
        "precio": 1000
    },
    {
        "id": "OneTwoClean-02",
        "titulo": "Reparacion y Mantenimiento de Edificios",
        "imagen": "./img/OneTwoClean/02.png",
        "categoria": {
            "nombre": "OneTwoClean",
            "id": "OneTwoClean"
        },
        "precio": 1000
    },
    {
        "id": "OneTwoClean-03",
        "titulo": "Fumigacion de plagas y General",
        "imagen": "./img/OneTwoClean/03.png",
        "categoria": {
            "nombre": "OneTwoClean",
            "id": "OneTwoClean"
        },
        "precio": 1000
    },
    {
        "id": "OneTwoClean-04",
        "titulo": "Mantenimiento de Salas NFD y ADF",
        "imagen": "./img/OneTwoClean/04.png",
        "categoria": {
            "nombre": "OneTwoClean",
            "id": "OneTwoClean"
        },
        "precio": 1000
    },
    {
        "id": "OneTwoClean-05",
        "titulo": "Control de Sanitizacion",
        "imagen": "./img/OneTwoClean/05.png",
        "categoria": {
            "nombre": "OneTwoClean",
            "id": "OneTwoClean"
        },
        "precio": 1000
    },
    {
        "id": "OneTwoClean-06",
        "titulo": "Limpieza de Equipos",
        "imagen": "./img/OneTwoClean/06.png",
        "categoria": {
            "nombre": "OneTwoClean",
            "id": "OneTwoClean"
        },
        "precio": 1000
    },
    {
        "id": "OneTwoClean-07",
        "titulo": "Servicio de Limpieza de Eventos",
        "imagen": "./img/OneTwoClean/07.png",
        "categoria": {
            "nombre": "OneTwoClean",
            "id": "OneTwoClean"
        },
        "precio": 1000
    },
    {
        "id": "OneTwoClean-08",
        "titulo": "Servicio de Limpieza General de Edificios ",
        "imagen": "./img/OneTwoClean/08.png",
        "categoria": {
            "nombre": "OneTwoClean",
            "id": "OneTwoClean"
        },
        "precio": 1000
    },
    {
        "id": "Transremont-01",
        "titulo": "Almacén Fiscal",
        "imagen": "./img/Transremont/01.jpg",
        "categoria": {
            "nombre": "Transremont",
            "id": "Transremont"
        },
        "precio": 1000
    },
    {
        "id": "Transremont-02",
        "titulo": "Trámites del régimen de Zona Franca",
        "imagen": "./img/Transremont/02.jpg",
        "categoria": {
            "nombre": "Transremont",
            "id": "Transremont"
        },
        "precio": 1000
    },
    {
        "id": "Transremont-03",
        "titulo": "Agencia de aduanas",
        "imagen": "./img/Transremont/03.jpg",
        "categoria": {
            "nombre": "Transremont",
            "id": "Transremont"
        },
        "precio": 1000
    },
    {
        "id": "Transremont-04",
        "titulo": "Trámites de permisos especiales",
        "imagen": "./img/Transremont/04.jpg",
        "categoria": {
            "nombre": "Transremont",
            "id": "Transremont"
        },
        "precio": 1000
    },
    {
        "id": "Transremont-05",
        "titulo": "Trámites de importación",
        "imagen": "./img/Transremont/05.jpg",
        "categoria": {
            "nombre": "Transremont",
            "id": "Transremont"
        },
        "precio": 1000
    },
    {
        "id": "Transremont-06",
        "titulo": "Trámites de exportación",
        "imagen": "./img/Transremont/06.jpg",
        "categoria": {
            "nombre": "Transremont",
            "id": "Transremont"
        },
        "precio": 1000
    },
    {
        "id": "Transremont-08",
        "titulo": "Servicio de In House(outsourcing en Aduanas)",
        "imagen": "./img/Transremont/08.jpg",
        "categoria": {
            "nombre": "Transremont",
            "id": "Transremont"
        },
        "precio": 1000
    },
    {
        "id": "Transremont-09",
        "titulo": "Mantenimiento y capacitación sobre Zona Franca (free economiczone)",
        "imagen": "./img/Transremont/09.jpg",
        "categoria": {
            "nombre": "Transremont",
            "id": "Transremont"
        },
        "precio": 1000
    },
    {
        "id": "Transremont-10",
        "titulo": "Informe anual de operación y auxiliar contable",
        "imagen": "./img/Transremont/10.jpg",
        "categoria": {
            "nombre": "Transremont",
            "id": "Transremont"
        },
        "precio": 1000
    },
    {
        "id": "Transremont-11",
        "titulo": "Donaciones y destrucciones de activos en general y Zona Franca",
        "imagen": "./img/Transremont/11.jpg",
        "categoria": {
            "nombre": "Transremont",
            "id": "Transremont"
        },
        "precio": 1000
    },
    {
        "id": "TrExpress-01",
        "titulo": "Transporte Internacional desde cualquier origen",
        "imagen": "./img/TrExpress/01.png",
        "categoria": {
            "nombre": "TrExpress",
            "id": "TrExpress"
        },
        "precio": 1000
    },
    {
        "id": "TrExpress-02",
        "titulo": "Transporte local terrestre general o caucionado",
        "imagen": "./img/TrExpress/02.jpg",
        "categoria": {
            "nombre": "TrExpress",
            "id": "TrExpress"
        },
        "precio": 1000
    },
    {
        "id": "TrExpress-03",
        "titulo": "Entrega de equipo electrónico y mobiliario de oficina alrededor del país",
        "imagen": "./img/TrExpress/03.jpg",
        "categoria": {
            "nombre": "TrExpress",
            "id": "TrExpress"
        },
        "precio": 1000
    },
    {
        "id": "TrExpress-04",
        "titulo": "Entrega de paquetes y mensajería en general",
        "imagen": "./img/TrExpress/04.jpg",
        "categoria": {
            "nombre": "TrExpress",
            "id": "TrExpress"
        },
        "precio": 1000
    },
    {
        "id": "TrExpress-05",
        "titulo": "Servicio de Courier",
        "imagen": "./img/TrExpress/05.jpg",
        "categoria": {
            "nombre": "TrExpress",
            "id": "TrExpress"
        },
        "precio": 1000
    },
    {
        "id": "TrExpress-06",
        "titulo": "Entrega de regalías en territorio nacional e internacional",
        "imagen": "./img/TrExpress/06.jpg",
        "categoria": {
            "nombre": "TrExpress",
            "id": "TrExpress"
        },
        "precio": 1000
    },
    {
        "id": "QuickSale-01",
        "titulo": "Compras nacionales e internacionales",
        "imagen": "./img/QuickSale/01.png",
        "categoria": {
            "nombre": "QuickSale",
            "id": "QuickSale"
        },
        "precio": 1000
    },
    {
        "id": "QuickSale-02",
        "titulo": "Cotizaciones en mercados internacionales y local",
        "imagen": "./img/QuickSale/02.png",
        "categoria": {
            "nombre": "QuickSale",
            "id": "QuickSale"
        },
        "precio": 1000
    },
    {
        "id": "QuickSale-03",
        "titulo": "Proveedor y especialista en empaque de activos en genera",
        "imagen": "./img/QuickSale/03.png",
        "categoria": {
            "nombre": "QuickSale",
            "id": "QuickSale"
        },
        "precio": 1000
    },
    {
        "id": "QuickSale-04",
        "titulo": "Compra de todo tipo de mercancías",
        "imagen": "./img/QuickSale/04.png",
        "categoria": {
            "nombre": "QuickSale",
            "id": "QuickSale"
        },
        "precio": 1000
    },
    {
        "id": "PlusService-01",
        "titulo": "Actividades recreativas",
        "imagen": "./img/PlusService/01.png",
        "categoria": {
            "nombre": "PlusService",
            "id": "PlusService"
        },
        "precio": 1000
    },
    {
        "id": "PlusService-02",
        "titulo": "Organización de eventos",
        "imagen": "./img/PlusService/02.png",
        "categoria": {
            "nombre": "PlusService",
            "id": "PlusService"
        },
        "precio": 1000
    },
    {
        "id": "PlusService-03",
        "titulo": "Turismo",
        "imagen": "./img/PlusService/03.png",
        "categoria": {
            "nombre": "PlusService",
            "id": "PlusService"
        },
        "precio": 1000
    }
    
]